product_id,product_name,category_id,category_name,brand,cost_price,launch_date
P00001,金龙鱼 手撕面包 500g,C04,食品生鲜,金龙鱼,183.73,2024-03-30
P00002,太平鸟 直筒牛仔裤 M码,C03,服饰鞋包,太平鸟,201.60,2026-03-19
P00003,太平鸟 直筒牛仔裤 S码,C03,服饰鞋包,太平鸟,289.53,2024-06-14
P00004,良品铺子 手撕面包 1.8L,C04,食品生鲜,良品铺子,144.35,2025-09-18
P00005,骆驼 户外折叠椅 XL码,C08,运动户外,骆驼,284.24,2025-09-02
P00006,珀莱雅 轻薄粉底液 正装,C05,美妆个护,珀莱雅,313.20,2025-01-05
P00007,读客文化 计算机专业书 典藏版,C09,图书文娱,读客文化,14.04,2025-12-12
P00008,良品铺子 常温酸奶 750ml,C04,食品生鲜,良品铺子,16.07,2026-01-22
P00009,优衣库 男士休闲夹克 XL码,C03,服饰鞋包,优衣库,41.26,2024-02-11
P00010,华为 X系列 12+256G,C01,手机数码,华为,4021.28,2025-02-21
P00011,森马 轻便跑鞋 M码,C03,服饰鞋包,森马,355.40,2023-10-17
P00012,苏泊尔 对开门冰箱 1.75L,C02,家用电器,苏泊尔,3567.16,2024-03-05
P00013,森马 轻便跑鞋 S码,C03,服饰鞋包,森马,24.83,2025-11-22
P00014,良品铺子 食用调和油 1L,C04,食品生鲜,良品铺子,179.15,2023-08-20
P00015,贝亲 婴儿洗衣液 标准装,C06,母婴玩具,贝亲,1434.66,2024-06-04
P00016,优衣库 轻便跑鞋 L码,C03,服饰鞋包,优衣库,387.95,2023-03-26
P00017,林氏木业 实木双人床 60cm,C07,家居家装,林氏木业,3751.40,2023-04-08
P00018,九牧 布艺三人沙发 1.5米床,C07,家居家装,九牧,836.24,2024-06-29
P00019,米其林 静音轮胎 通用型,C10,汽车用品,米其林,349.44,2024-03-13
P00020,安踏 专业登山背包 40码,C08,运动户外,安踏,714.67,2023-10-11
P00021,太平鸟 直筒牛仔裤 L码,C03,服饰鞋包,太平鸟,369.72,2023-07-14
P00022,花西子 水乳套装 10片装,C05,美妆个护,花西子,303.47,2023-09-21
P00023,青蛙王子 益智积木套装 1L,C06,母婴玩具,青蛙王子,663.08,2023-10-26
P00024,海澜之家 男士休闲夹克 M码,C03,服饰鞋包,海澜之家,431.73,2023-05-22
P00025,安踏 减震跑鞋 XL码,C08,运动户外,安踏,257.05,2025-03-21
P00026,Apple X系列 12+256G,C01,手机数码,Apple,3722.47,2024-02-09
P00027,蒙牛 纯牛奶整箱 1.8L,C04,食品生鲜,蒙牛,209.44,2025-06-23
P00028,薇诺娜 空气蜜粉 50ml,C05,美妆个护,薇诺娜,30.62,2025-05-06
P00029,安踏 运动连帽卫衣 L码,C03,服饰鞋包,安踏,434.44,2023-01-23
P00030,格力 智能电饭煲 5L,C02,家用电器,格力,2255.22,2025-01-13
P00031,青蛙王子 儿童安全座椅 66cm,C06,母婴玩具,青蛙王子,52.15,2025-10-25
P00032,伊利 食用调和油 250ml*12,C04,食品生鲜,伊利,73.88,2023-12-12
P00033,Apple Pro系列 12+256G,C01,手机数码,Apple,4772.18,2023-06-29
P00034,TCL 高速破壁机 4L,C02,家用电器,TCL,1838.04,2024-06-10
P00035,阿迪达斯 户外折叠椅 41码,C08,运动户外,阿迪达斯,151.82,2023-03-27
P00036,九阳 智能电饭煲 501L,C02,家用电器,九阳,4922.13,2025-06-17
P00037,太平鸟 通勤双肩包 L码,C03,服饰鞋包,太平鸟,470.21,2025-05-31
P00038,小米 Pro系列 12+256G,C01,手机数码,小米,6300.48,2023-05-21
P00039,自然堂 双抗精华 30ml,C05,美妆个护,自然堂,117.07,2025-06-17
P00040,金龙鱼 纯牛奶整箱 750ml,C04,食品生鲜,金龙鱼,235.21,2024-05-01
P00041,好孩子 安抚玩偶 1L,C06,母婴玩具,好孩子,166.81,2024-03-07
P00042,美的 变频挂机空调 1.5匹,C02,家用电器,美的,4367.17,2024-10-23
P00043,乐高 儿童安全座椅 66cm,C06,母婴玩具,乐高,435.33,2025-11-28
P00044,九牧 实木双人床 60cm,C07,家居家装,九牧,2986.23,2024-03-01
P00045,Apple X系列 512GB,C01,手机数码,Apple,1605.47,2025-09-06
P00046,森马 女士针织衫 均码,C03,服饰鞋包,森马,110.53,2023-07-11
P00047,九牧 实木双人床 三人位,C07,家居家装,九牧,4448.36,2023-11-14
P00048,自然堂 轻薄粉底液 100ml,C05,美妆个护,自然堂,310.24,2025-01-23
P00049,金龙鱼 食用调和油 1L,C04,食品生鲜,金龙鱼,124.03,2026-03-14
P00050,海澜之家 女士针织衫 XXL码,C03,服饰鞋包,海澜之家,146.63,2025-02-07
P00051,机械工业出版社 计算机专业书 大字版,C09,图书文娱,机械工业出版社,55.25,2023-03-28
P00052,太平鸟 通勤双肩包 L码,C03,服饰鞋包,太平鸟,285.71,2025-08-27
P00053,九阳 变频挂机空调 501L,C02,家用电器,九阳,4837.51,2025-07-16
P00054,李宁 防风冲锋衣 40码,C08,运动户外,李宁,821.50,2023-01-21
P00055,李宁 男士休闲夹克 L码,C03,服饰鞋包,李宁,266.10,2023-07-28
P00056,费雪 儿童安全座椅 73cm,C06,母婴玩具,费雪,1280.39,2026-02-21
P00057,太平鸟 通勤双肩包 均码,C03,服饰鞋包,太平鸟,335.70,2024-08-24
P00058,欧莱雅 轻薄粉底液 正装,C05,美妆个护,欧莱雅,52.46,2026-04-04
P00059,3M 全包围汽车脚垫 双口版,C10,汽车用品,3M,664.99,2024-07-29
P00060,太平鸟 男士休闲夹克 S码,C03,服饰鞋包,太平鸟,158.20,2024-09-19
